year,doi,award
2010,10.1145/1753326.1753330,Honorable Mention
2010,10.1145/1753326.1753333,Best Paper
2010,10.1145/1753326.1753334,Honorable Mention
2010,10.1145/1753326.1753336,Honorable Mention
2010,10.1145/1753326.1753342,Honorable Mention
2010,10.1145/1753326.1753343,Honorable Mention
2010,10.1145/1753326.1753345,Honorable Mention
2010,10.1145/1753326.1753357,Honorable Mention
2010,10.1145/1753326.1753365,Best Paper
2010,10.1145/1753326.1753370,Best Paper
2010,10.1145/1753326.1753378,Honorable Mention
2010,10.1145/1753326.1753380,Honorable Mention
2010,10.1145/1753326.1753384,Honorable Mention
2010,10.1145/1753326.1753393,Honorable Mention
2010,10.1145/1753326.1753394,Best Paper
2010,10.1145/1753326.1753397,Honorable Mention
2010,10.1145/1753326.1753402,Honorable Mention
2010,10.1145/1753326.1753424,Honorable Mention
2010,10.1145/1753326.1753434,Best Paper
2010,10.1145/1753326.1753435,Honorable Mention
2010,10.1145/1753326.1753441,Honorable Mention
2010,10.1145/1753326.1753473,Honorable Mention
2010,10.1145/1753326.1753477,Honorable Mention
2010,10.1145/1753326.1753478,Honorable Mention
2010,10.1145/1753326.1753484,Honorable Mention
2010,10.1145/1753326.1753485,Honorable Mention
2010,10.1145/1753326.1753494,Honorable Mention
2010,10.1145/1753326.1753500,Best Paper
2010,10.1145/1753326.1753521,Best Paper
2010,10.1145/1753326.1753530,Best Paper
2010,10.1145/1753326.1753534,Honorable Mention
2010,10.1145/1753326.1753551,Honorable Mention
2010,10.1145/1753326.1753552,Honorable Mention
2010,10.1145/1753326.1753554,Best Paper
2010,10.1145/1753326.1753556,Honorable Mention
2010,10.1145/1753326.1753560,Honorable Mention
2010,10.1145/1753326.1753567,Honorable Mention
2010,10.1145/1753326.1753568,Honorable Mention
2010,10.1145/1753326.1753574,Honorable Mention
2010,10.1145/1753326.1753576,Honorable Mention
2010,10.1145/1753326.1753583,Honorable Mention
2010,10.1145/1753326.1753589,Honorable Mention
2010,10.1145/1753326.1753597,Honorable Mention
2010,10.1145/1753326.1753600,Honorable Mention
2010,10.1145/1753326.1753601,Honorable Mention
2010,10.1145/1753326.1753602,Honorable Mention
2010,10.1145/1753326.1753610,Best Paper
2010,10.1145/1753326.1753613,Best Paper
2010,10.1145/1753326.1753615,Honorable Mention
2010,10.1145/1753326.1753620,Honorable Mention
2010,10.1145/1753326.1753625,Best Paper
2010,10.1145/1753326.1753629,Best Paper
2010,10.1145/1753326.1753640,Honorable Mention
2010,10.1145/1753326.1753641,Honorable Mention
2010,10.1145/1753326.1753647,Honorable Mention
2010,10.1145/1753326.1753650,Honorable Mention
2010,10.1145/1753326.1753681,Honorable Mention
2010,10.1145/1753326.1753682,Honorable Mention
2010,10.1145/1753326.1753695,Honorable Mention
2010,10.1145/1753326.1753697,Honorable Mention
2010,10.1145/1753326.1753700,Honorable Mention
2010,10.1145/1753326.1753706,Honorable Mention
2010,10.1145/1753326.1753715,Honorable Mention
2010,10.1145/1753326.1753716,Best Paper
2010,10.1145/1753326.1753718,Honorable Mention
2011,10.1145/1978942.1978950,Honorable Mention
2011,10.1145/1978942.1978958,Honorable Mention
2011,10.1145/1978942.1978962,Honorable Mention
2011,10.1145/1978942.1978963,Honorable Mention
2011,10.1145/1978942.1978966,Honorable Mention
2011,10.1145/1978942.1978969,Best Paper
2011,10.1145/1978942.1978980,Honorable Mention
2011,10.1145/1978942.1979001,Best Paper
2011,10.1145/1978942.1979003,Honorable Mention
2011,10.1145/1978942.1979004,Honorable Mention
2011,10.1145/1978942.1979008,Honorable Mention
2011,10.1145/1978942.1979013,Best Paper
2011,10.1145/1978942.1979016,Honorable Mention
2011,10.1145/1978942.1979020,Honorable Mention
2011,10.1145/1978942.1979044,Best Paper
2011,10.1145/1978942.1979058,Best Paper
2011,10.1145/1978942.1979059,Honorable Mention
2011,10.1145/1978942.1979067,Honorable Mention
2011,10.1145/1978942.1979068,Honorable Mention
2011,10.1145/1978942.1979078,Honorable Mention
2011,10.1145/1978942.1979083,Honorable Mention
2011,10.1145/1978942.1979085,Honorable Mention
2011,10.1145/1978942.1979088,Honorable Mention
2011,10.1145/1978942.1979102,Honorable Mention
2011,10.1145/1978942.1979114,Honorable Mention
2011,10.1145/1978942.1979125,Honorable Mention
2011,10.1145/1978942.1979131,Honorable Mention
2011,10.1145/1978942.1979133,Honorable Mention
2011,10.1145/1978942.1979135,Honorable Mention
2011,10.1145/1978942.1979141,Honorable Mention
2011,10.1145/1978942.1979161,Best Paper
2011,10.1145/1978942.1979164,Honorable Mention
2011,10.1145/1978942.1979167,Best Paper
2011,10.1145/1978942.1979169,Honorable Mention
2011,10.1145/1978942.1979187,Honorable Mention
2011,10.1145/1978942.1979199,Best Paper
2011,10.1145/1978942.1979203,Honorable Mention
2011,10.1145/1978942.1979217,Best Paper
2011,10.1145/1978942.1979218,Honorable Mention
2011,10.1145/1978942.1979229,Honorable Mention
2011,10.1145/1978942.1979232,Honorable Mention
2011,10.1145/1978942.1979240,Best Paper
2011,10.1145/1978942.1979247,Honorable Mention
2011,10.1145/1978942.1979252,Honorable Mention
2011,10.1145/1978942.1979254,Honorable Mention
2011,10.1145/1978942.1979258,Best Paper
2011,10.1145/1978942.1979262,Best Paper
2011,10.1145/1978942.1979266,Honorable Mention
2011,10.1145/1978942.1979267,Honorable Mention
2011,10.1145/1978942.1979275,Honorable Mention
2011,10.1145/1978942.1979283,Honorable Mention
2011,10.1145/1978942.1979287,Honorable Mention
2011,10.1145/1978942.1979293,Honorable Mention
2011,10.1145/1978942.1979301,Honorable Mention
2011,10.1145/1978942.1979304,Honorable Mention
2011,10.1145/1978942.1979306,Best Paper
2011,10.1145/1978942.1979307,Honorable Mention
2011,10.1145/1978942.1979309,Honorable Mention
2011,10.1145/1978942.1979317,Honorable Mention
2011,10.1145/1978942.1979321,Honorable Mention
2011,10.1145/1978942.1979328,Honorable Mention
2011,10.1145/1978942.1979332,Honorable Mention
2011,10.1145/1978942.1979334,Honorable Mention
2011,10.1145/1978942.1979353,Honorable Mention
2011,10.1145/1978942.1979354,Honorable Mention
2011,10.1145/1978942.1979364,Best Paper
2011,10.1145/1978942.1979366,Honorable Mention
2011,10.1145/1978942.1979370,Honorable Mention
2011,10.1145/1978942.1979375,Honorable Mention
2011,10.1145/1978942.1979384,Honorable Mention
2011,10.1145/1978942.1979390,Honorable Mention
2011,10.1145/1978942.1979392,Honorable Mention
2011,10.1145/1978942.1979402,Best Paper
2011,10.1145/1978942.1979407,Honorable Mention
2011,10.1145/1978942.1979436,Honorable Mention
2011,10.1145/1978942.1979450,Honorable Mention
2011,10.1145/1978942.1979452,Honorable Mention
2012,10.1145/2207676.2207678,Honorable Mention
2012,10.1145/2207676.2207687,Honorable Mention
2012,10.1145/2207676.2207689,Honorable Mention
2012,10.1145/2207676.2207692,Honorable Mention
2012,10.1145/2207676.2207697,Honorable Mention
2012,10.1145/2207676.2207702,Honorable Mention
2012,10.1145/2207676.2207708,Honorable Mention
2012,10.1145/2207676.2207710,Honorable Mention
2012,10.1145/2207676.2207711,Honorable Mention
2012,10.1145/2207676.2207713,Best Paper
2012,10.1145/2207676.2207718,Best Paper
2012,10.1145/2207676.2207743,Best Paper
2012,10.1145/2207676.2207744,Best Paper
2012,10.1145/2207676.2207749,Best Paper
2012,10.1145/2207676.2207751,Honorable Mention
2012,10.1145/2207676.2207754,Honorable Mention
2012,10.1145/2207676.2207758,Honorable Mention
2012,10.1145/2207676.2207759,Honorable Mention
2012,10.1145/2207676.2207763,Best Paper
2012,10.1145/2207676.2207770,Honorable Mention
2012,10.1145/2207676.2207791,Honorable Mention
2012,10.1145/2207676.2208278,Honorable Mention
2012,10.1145/2207676.2208279,Honorable Mention
2012,10.1145/2207676.2208280,Best Paper
2012,10.1145/2207676.2208285,Best Paper
2012,10.1145/2207676.2208289,Best Paper
2012,10.1145/2207676.2208296,Honorable Mention
2012,10.1145/2207676.2208301,Honorable Mention
2012,10.1145/2207676.2208322,Honorable Mention
2012,10.1145/2207676.2208330,Honorable Mention
2012,10.1145/2207676.2208335,Honorable Mention
2012,10.1145/2207676.2208341,Honorable Mention
2012,10.1145/2207676.2208345,Honorable Mention
2012,10.1145/2207676.2208347,Best Paper
2012,10.1145/2207676.2208348,Honorable Mention
2012,10.1145/2207676.2208350,Honorable Mention
2012,10.1145/2207676.2208354,Honorable Mention
2012,10.1145/2207676.2208360,Honorable Mention
2012,10.1145/2207676.2208365,Honorable Mention
2012,10.1145/2207676.2208368,Honorable Mention
2012,10.1145/2207676.2208372,Honorable Mention
2012,10.1145/2207676.2208380,Honorable Mention
2012,10.1145/2207676.2208397,Honorable Mention
2012,10.1145/2207676.2208404,Best Paper
2012,10.1145/2207676.2208409,Honorable Mention
2012,10.1145/2207676.2208412,Honorable Mention
2012,10.1145/2207676.2208532,Honorable Mention
2012,10.1145/2207676.2208541,Best Paper
2012,10.1145/2207676.2208560,Honorable Mention
2012,10.1145/2207676.2208562,Honorable Mention
2012,10.1145/2207676.2208572,Best Paper
2012,10.1145/2207676.2208579,Best Paper
2012,10.1145/2207676.2208593,Honorable Mention
2012,10.1145/2207676.2208619,Best Paper
2012,10.1145/2207676.2208638,Honorable Mention
2012,10.1145/2207676.2208641,Honorable Mention
2012,10.1145/2207676.2208658,Best Paper
2012,10.1145/2207676.2208659,Honorable Mention
2012,10.1145/2207676.2208660,Honorable Mention
2012,10.1145/2207676.2208662,Honorable Mention
2012,10.1145/2207676.2208670,Honorable Mention
2012,10.1145/2207676.2208675,Honorable Mention
2012,10.1145/2207676.2208693,Honorable Mention
2012,10.1145/2207676.2208706,Honorable Mention
2012,10.1145/2207676.2208709,Honorable Mention
2013,10.1145/2470654.2466112,Best Paper
2013,10.1145/2470654.2466129,Honorable Mention
2013,10.1145/2470654.2466130,Honorable Mention
2013,10.1145/2470654.2466133,Honorable Mention
2013,10.1145/2470654.2466134,Honorable Mention
2013,10.1145/2470654.2466137,Honorable Mention
2013,10.1145/2470654.2466148,Honorable Mention
2013,10.1145/2470654.2466150,Honorable Mention
2013,10.1145/2470654.2466152,Best Paper
2013,10.1145/2470654.2466155,Best Paper
2013,10.1145/2470654.2466158,Best Paper
2013,10.1145/2470654.2466164,Honorable Mention
2013,10.1145/2470654.2466165,Honorable Mention
2013,10.1145/2470654.2466169,Honorable Mention
2013,10.1145/2470654.2466170,Honorable Mention
2013,10.1145/2470654.2466173,Honorable Mention
2013,10.1145/2470654.2466190,Best Paper
2013,10.1145/2470654.2466191,Honorable Mention
2013,10.1145/2470654.2466193,Best Paper
2013,10.1145/2470654.2466197,Honorable Mention
2013,10.1145/2470654.2466205,Honorable Mention
2013,10.1145/2470654.2466206,Honorable Mention
2013,10.1145/2470654.2466216,Honorable Mention
2013,10.1145/2470654.2466227,Best Paper
2013,10.1145/2470654.2466228,Honorable Mention
2013,10.1145/2470654.2466240,Honorable Mention
2013,10.1145/2470654.2466246,Honorable Mention
2013,10.1145/2470654.2466250,Honorable Mention
2013,10.1145/2470654.2466255,Honorable Mention
2013,10.1145/2470654.2466269,Honorable Mention
2013,10.1145/2470654.2466419,Honorable Mention
2013,10.1145/2470654.2466420,Best Paper
2013,10.1145/2470654.2466422,Honorable Mention
2013,10.1145/2470654.2466424,Honorable Mention
2013,10.1145/2470654.2466427,Honorable Mention
2013,10.1145/2470654.2466430,Honorable Mention
2013,10.1145/2470654.2466431,Honorable Mention
2013,10.1145/2470654.2466438,Honorable Mention
2013,10.1145/2470654.2466443,Honorable Mention
2013,10.1145/2470654.2466451,Best Paper
2013,10.1145/2470654.2466452,Best Paper
2013,10.1145/2470654.2466468,Honorable Mention
2013,10.1145/2470654.2466474,Honorable Mention
2013,10.1145/2470654.2466478,Honorable Mention
2013,10.1145/2470654.2470656,Best Paper
2013,10.1145/2470654.2470658,Honorable Mention
2013,10.1145/2470654.2470660,Honorable Mention
2013,10.1145/2470654.2470663,Honorable Mention
2013,10.1145/2470654.2470667,Honorable Mention
2013,10.1145/2470654.2470670,Honorable Mention
2013,10.1145/2470654.2470673,Honorable Mention
2013,10.1145/2470654.2470688,Honorable Mention
2013,10.1145/2470654.2470703,Honorable Mention
2013,10.1145/2470654.2470708,Honorable Mention
2013,10.1145/2470654.2470716,Honorable Mention
2013,10.1145/2470654.2470718,Best Paper
2013,10.1145/2470654.2470720,Honorable Mention
2013,10.1145/2470654.2470724,Best Paper
2013,10.1145/2470654.2470728,Honorable Mention
2013,10.1145/2470654.2470733,Honorable Mention
2013,10.1145/2470654.2470742,Best Paper
2013,10.1145/2470654.2470745,Best Paper
2013,10.1145/2470654.2470753,Honorable Mention
2013,10.1145/2470654.2470755,Honorable Mention
2013,10.1145/2470654.2470757,Honorable Mention
2013,10.1145/2470654.2470761,Honorable Mention
2013,10.1145/2470654.2470774,Honorable Mention
2013,10.1145/2470654.2481281,Honorable Mention
2013,10.1145/2470654.2481282,Honorable Mention
2013,10.1145/2470654.2481283,Best Paper
2013,10.1145/2470654.2481286,Honorable Mention
2013,10.1145/2470654.2481297,Honorable Mention
2013,10.1145/2470654.2481300,Honorable Mention
2013,10.1145/2470654.2481303,Honorable Mention
2013,10.1145/2470654.2481311,Honorable Mention
2013,10.1145/2470654.2481323,Best Paper
2013,10.1145/2470654.2481330,Honorable Mention
2013,10.1145/2470654.2481331,Honorable Mention
2013,10.1145/2470654.2481348,Honorable Mention
2013,10.1145/2470654.2481358,Best Paper
2013,10.1145/2470654.2481361,Best Paper
2013,10.1145/2470654.2481363,Honorable Mention
2013,10.1145/2470654.2481385,Honorable Mention
2013,10.1145/2470654.2481387,Honorable Mention
2013,10.1145/2470654.2481389,Best Paper
2013,10.1145/2470654.2481391,Honorable Mention
2013,10.1145/2470654.2481395,Honorable Mention
2013,10.1145/2470654.2481397,Honorable Mention
2013,10.1145/2470654.2481418,Honorable Mention
2014,10.1145/2556288.2556955,Best Paper
2014,10.1145/2556288.2556958,Honorable Mention
2014,10.1145/2556288.2556961,Honorable Mention
2014,10.1145/2556288.2556964,Best Paper
2014,10.1145/2556288.2556969,Honorable Mention
2014,10.1145/2556288.2556971,Honorable Mention
2014,10.1145/2556288.2556986,Honorable Mention
2014,10.1145/2556288.2556987,Honorable Mention
2014,10.1145/2556288.2556990,Honorable Mention
2014,10.1145/2556288.2556991,Honorable Mention
2014,10.1145/2556288.2557002,Honorable Mention
2014,10.1145/2556288.2557003,Honorable Mention
2014,10.1145/2556288.2557004,Honorable Mention
2014,10.1145/2556288.2557005,Honorable Mention
2014,10.1145/2556288.2557014,Honorable Mention
2014,10.1145/2556288.2557020,Best Paper
2014,10.1145/2556288.2557030,Best Paper
2014,10.1145/2556288.2557032,Honorable Mention
2014,10.1145/2556288.2557039,Honorable Mention
2014,10.1145/2556288.2557046,Honorable Mention
2014,10.1145/2556288.2557053,Honorable Mention
2014,10.1145/2556288.2557055,Honorable Mention
2014,10.1145/2556288.2557061,Honorable Mention
2014,10.1145/2556288.2557064,Honorable Mention
2014,10.1145/2556288.2557066,Honorable Mention
2014,10.1145/2556288.2557068,Honorable Mention
2014,10.1145/2556288.2557069,Honorable Mention
2014,10.1145/2556288.2557076,Honorable Mention
2014,10.1145/2556288.2557082,Best Paper
2014,10.1145/2556288.2557086,Honorable Mention
2014,10.1145/2556288.2557087,Honorable Mention
2014,10.1145/2556288.2557089,Honorable Mention
2014,10.1145/2556288.2557090,Best Paper
2014,10.1145/2556288.2557091,Honorable Mention
2014,10.1145/2556288.2557092,Best Paper
2014,10.1145/2556288.2557093,Honorable Mention
2014,10.1145/2556288.2557094,Best Paper
2014,10.1145/2556288.2557098,Honorable Mention
2014,10.1145/2556288.2557103,Honorable Mention
2014,10.1145/2556288.2557105,Honorable Mention
2014,10.1145/2556288.2557108,Honorable Mention
2014,10.1145/2556288.2557115,Honorable Mention
2014,10.1145/2556288.2557117,Honorable Mention
2014,10.1145/2556288.2557122,Honorable Mention
2014,10.1145/2556288.2557132,Best Paper
2014,10.1145/2556288.2557142,Honorable Mention
2014,10.1145/2556288.2557148,Honorable Mention
2014,10.1145/2556288.2557155,Honorable Mention
2014,10.1145/2556288.2557156,Honorable Mention
2014,10.1145/2556288.2557169,Honorable Mention
2014,10.1145/2556288.2557177,Honorable Mention
2014,10.1145/2556288.2557178,Best Paper
2014,10.1145/2556288.2557181,Best Paper
2014,10.1145/2556288.2557182,Honorable Mention
2014,10.1145/2556288.2557184,Honorable Mention
2014,10.1145/2556288.2557194,Honorable Mention
2014,10.1145/2556288.2557196,Best Paper
2014,10.1145/2556288.2557197,Best Paper
2014,10.1145/2556288.2557204,Honorable Mention
2014,10.1145/2556288.2557210,Best Paper
2014,10.1145/2556288.2557221,Honorable Mention
2014,10.1145/2556288.2557225,Honorable Mention
2014,10.1145/2556288.2557230,Honorable Mention
2014,10.1145/2556288.2557231,Honorable Mention
2014,10.1145/2556288.2557236,Honorable Mention
2014,10.1145/2556288.2557237,Honorable Mention
2014,10.1145/2556288.2557238,Best Paper
2014,10.1145/2556288.2557240,Honorable Mention
2014,10.1145/2556288.2557261,Honorable Mention
2014,10.1145/2556288.2557263,Honorable Mention
2014,10.1145/2556288.2557269,Best Paper
2014,10.1145/2556288.2557270,Honorable Mention
2014,10.1145/2556288.2557279,Honorable Mention
2014,10.1145/2556288.2557280,Honorable Mention
2014,10.1145/2556288.2557286,Honorable Mention
2014,10.1145/2556288.2557292,Honorable Mention
2014,10.1145/2556288.2557323,Honorable Mention
2014,10.1145/2556288.2557324,Best Paper
2014,10.1145/2556288.2557331,Honorable Mention
2014,10.1145/2556288.2557332,Honorable Mention
2014,10.1145/2556288.2557336,Best Paper
2014,10.1145/2556288.2557338,Honorable Mention
2014,10.1145/2556288.2557343,Honorable Mention
2014,10.1145/2556288.2557350,Honorable Mention
2014,10.1145/2556288.2557351,Best Paper
2014,10.1145/2556288.2557359,Honorable Mention
2014,10.1145/2556288.2557360,Honorable Mention
2014,10.1145/2556288.2557361,Honorable Mention
2014,10.1145/2556288.2557363,Honorable Mention
2014,10.1145/2556288.2557365,Honorable Mention
2014,10.1145/2556288.2557371,Honorable Mention
2014,10.1145/2556288.2557372,Honorable Mention
2014,10.1145/2556288.2557373,Honorable Mention
2014,10.1145/2556288.2557374,Best Paper
2014,10.1145/2556288.2557375,Honorable Mention
2014,10.1145/2556288.2557380,Best Paper
2014,10.1145/2556288.2557381,Honorable Mention
2014,10.1145/2556288.2557382,Honorable Mention
2014,10.1145/2556288.2557389,Honorable Mention
2014,10.1145/2556288.2557390,Honorable Mention
2014,10.1145/2556288.2557392,Honorable Mention
2014,10.1145/2556288.2557396,Honorable Mention
2014,10.1145/2556288.2557397,Honorable Mention
2014,10.1145/2556288.2557417,Honorable Mention
2014,10.1145/2556288.2557421,Honorable Mention
2015,10.1145/2702123.2702128,Best Paper
2015,10.1145/2702123.2702129,Honorable Mention
2015,10.1145/2702123.2702130,Honorable Mention
2015,10.1145/2702123.2702131,Honorable Mention
2015,10.1145/2702123.2702135,Best Paper
2015,10.1145/2702123.2702137,Honorable Mention
2015,10.1145/2702123.2702140,Honorable Mention
2015,10.1145/2702123.2702141,Honorable Mention
2015,10.1145/2702123.2702145,Honorable Mention
2015,10.1145/2702123.2702146,Honorable Mention
2015,10.1145/2702123.2702155,Honorable Mention
2015,10.1145/2702123.2702156,Best Paper
2015,10.1145/2702123.2702170,Honorable Mention
2015,10.1145/2702123.2702172,Best Paper
2015,10.1145/2702123.2702173,Honorable Mention
2015,10.1145/2702123.2702179,Honorable Mention
2015,10.1145/2702123.2702181,Best Paper
2015,10.1145/2702123.2702190,Honorable Mention
2015,10.1145/2702123.2702191,Best Paper
2015,10.1145/2702123.2702193,Honorable Mention
2015,10.1145/2702123.2702197,Honorable Mention
2015,10.1145/2702123.2702200,Honorable Mention
2015,10.1145/2702123.2702204,Honorable Mention
2015,10.1145/2702123.2702205,Best Paper
2015,10.1145/2702123.2702208,Honorable Mention
2015,10.1145/2702123.2702209,Honorable Mention
2015,10.1145/2702123.2702213,Best Paper
2015,10.1145/2702123.2702223,Honorable Mention
2015,10.1145/2702123.2702225,Honorable Mention
2015,10.1145/2702123.2702228,Honorable Mention
2015,10.1145/2702123.2702231,Best Paper
2015,10.1145/2702123.2702233,Honorable Mention
2015,10.1145/2702123.2702237,Honorable Mention
2015,10.1145/2702123.2702240,Best Paper
2015,10.1145/2702123.2702242,Honorable Mention
2015,10.1145/2702123.2702246,Best Paper
2015,10.1145/2702123.2702249,Honorable Mention
2015,10.1145/2702123.2702257,Honorable Mention
2015,10.1145/2702123.2702260,Honorable Mention
2015,10.1145/2702123.2702263,Honorable Mention
2015,10.1145/2702123.2702272,Honorable Mention
2015,10.1145/2702123.2702276,Honorable Mention
2015,10.1145/2702123.2702278,Honorable Mention
2015,10.1145/2702123.2702281,Honorable Mention
2015,10.1145/2702123.2702285,Best Paper
2015,10.1145/2702123.2702286,Honorable Mention
2015,10.1145/2702123.2702289,Honorable Mention
2015,10.1145/2702123.2702292,Honorable Mention
2015,10.1145/2702123.2702295,Honorable Mention
2015,10.1145/2702123.2702298,Honorable Mention
2015,10.1145/2702123.2702299,Honorable Mention
2015,10.1145/2702123.2702300,Honorable Mention
2015,10.1145/2702123.2702304,Honorable Mention
2015,10.1145/2702123.2702309,Honorable Mention
2015,10.1145/2702123.2702320,Honorable Mention
2015,10.1145/2702123.2702321,Honorable Mention
2015,10.1145/2702123.2702323,Honorable Mention
2015,10.1145/2702123.2702327,Honorable Mention
2015,10.1145/2702123.2702329,Honorable Mention
2015,10.1145/2702123.2702333,Honorable Mention
2015,10.1145/2702123.2702336,Honorable Mention
2015,10.1145/2702123.2702339,Honorable Mention
2015,10.1145/2702123.2702348,Honorable Mention
2015,10.1145/2702123.2702352,Honorable Mention
2015,10.1145/2702123.2702354,Honorable Mention
2015,10.1145/2702123.2702358,Honorable Mention
2015,10.1145/2702123.2702360,Honorable Mention
2015,10.1145/2702123.2702361,Honorable Mention
2015,10.1145/2702123.2702367,Honorable Mention
2015,10.1145/2702123.2702368,Honorable Mention
2015,10.1145/2702123.2702374,Honorable Mention
2015,10.1145/2702123.2702387,Honorable Mention
2015,10.1145/2702123.2702391,Best Paper
2015,10.1145/2702123.2702395,Honorable Mention
2015,10.1145/2702123.2702397,Honorable Mention
2015,10.1145/2702123.2702399,Honorable Mention
2015,10.1145/2702123.2702400,Honorable Mention
2015,10.1145/2702123.2702403,Best Paper
2015,10.1145/2702123.2702412,Best Paper
2015,10.1145/2702123.2702414,Best Paper
2015,10.1145/2702123.2702419,Honorable Mention
2015,10.1145/2702123.2702420,Honorable Mention
2015,10.1145/2702123.2702427,Honorable Mention
2015,10.1145/2702123.2702438,Honorable Mention
2015,10.1145/2702123.2702445,Honorable Mention
2015,10.1145/2702123.2702449,Honorable Mention
2015,10.1145/2702123.2702481,Honorable Mention
2015,10.1145/2702123.2702491,Honorable Mention
2015,10.1145/2702123.2702494,Honorable Mention
2015,10.1145/2702123.2702498,Honorable Mention
2015,10.1145/2702123.2702503,Honorable Mention
2015,10.1145/2702123.2702507,Honorable Mention
2015,10.1145/2702123.2702508,Honorable Mention
2015,10.1145/2702123.2702514,Best Paper
2015,10.1145/2702123.2702516,Honorable Mention
2015,10.1145/2702123.2702520,Best Paper
2015,10.1145/2702123.2702522,Honorable Mention
2015,10.1145/2702123.2702525,Best Paper
2015,10.1145/2702123.2702528,Honorable Mention
2015,10.1145/2702123.2702546,Honorable Mention
2015,10.1145/2702123.2702547,Honorable Mention
2015,10.1145/2702123.2702553,Honorable Mention
2015,10.1145/2702123.2702556,Best Paper
2015,10.1145/2702123.2702558,Honorable Mention
2015,10.1145/2702123.2702560,Honorable Mention
2015,10.1145/2702123.2702564,Honorable Mention
2015,10.1145/2702123.2702565,Honorable Mention
2015,10.1145/2702123.2702568,Honorable Mention
2015,10.1145/2702123.2702572,Honorable Mention
2015,10.1145/2702123.2702575,Honorable Mention
2015,10.1145/2702123.2702578,Best Paper
2015,10.1145/2702123.2702579,Honorable Mention
2015,10.1145/2702123.2702581,Honorable Mention
2015,10.1145/2702123.2702585,Honorable Mention
2015,10.1145/2702123.2702590,Honorable Mention
2015,10.1145/2702123.2702591,Honorable Mention
2015,10.1145/2702123.2702592,Honorable Mention
2015,10.1145/2702123.2702607,Honorable Mention
2015,10.1145/2702123.2702611,Honorable Mention
2016,10.1145/2858036.2858041,Honorable Mention
2016,10.1145/2858036.2858050,Honorable Mention
2016,10.1145/2858036.2858052,Honorable Mention
2016,10.1145/2858036.2858054,Honorable Mention
2016,10.1145/2858036.2858059,Honorable Mention
2016,10.1145/2858036.2858063,Best Paper
2016,10.1145/2858036.2858069,Honorable Mention
2016,10.1145/2858036.2858070,Best Paper
2016,10.1145/2858036.2858075,Best Paper
2016,10.1145/2858036.2858077,Best Paper
2016,10.1145/2858036.2858078,Honorable Mention
2016,10.1145/2858036.2858081,Honorable Mention
2016,10.1145/2858036.2858082,Honorable Mention
2016,10.1145/2858036.2858097,Honorable Mention
2016,10.1145/2858036.2858098,Honorable Mention
2016,10.1145/2858036.2858102,Honorable Mention
2016,10.1145/2858036.2858104,Honorable Mention
2016,10.1145/2858036.2858114,Honorable Mention
2016,10.1145/2858036.2858119,Best Paper
2016,10.1145/2858036.2858125,Honorable Mention
2016,10.1145/2858036.2858126,Honorable Mention
2016,10.1145/2858036.2858128,Honorable Mention
2016,10.1145/2858036.2858129,Honorable Mention
2016,10.1145/2858036.2858133,Honorable Mention
2016,10.1145/2858036.2858136,Honorable Mention
2016,10.1145/2858036.2858141,Honorable Mention
2016,10.1145/2858036.2858142,Honorable Mention
2016,10.1145/2858036.2858144,Honorable Mention
2016,10.1145/2858036.2858146,Honorable Mention
2016,10.1145/2858036.2858155,Honorable Mention
2016,10.1145/2858036.2858156,Honorable Mention
2016,10.1145/2858036.2858157,Honorable Mention
2016,10.1145/2858036.2858161,Honorable Mention
2016,10.1145/2858036.2858173,Honorable Mention
2016,10.1145/2858036.2858176,Best Paper
2016,10.1145/2858036.2858184,Honorable Mention
2016,10.1145/2858036.2858186,Honorable Mention
2016,10.1145/2858036.2858187,Honorable Mention
2016,10.1145/2858036.2858191,Honorable Mention
2016,10.1145/2858036.2858192,Best Paper
2016,10.1145/2858036.2858207,Honorable Mention
2016,10.1145/2858036.2858212,Honorable Mention
2016,10.1145/2858036.2858225,Best Paper
2016,10.1145/2858036.2858227,Honorable Mention
2016,10.1145/2858036.2858235,Honorable Mention
2016,10.1145/2858036.2858237,Honorable Mention
2016,10.1145/2858036.2858241,Honorable Mention
2016,10.1145/2858036.2858243,Best Paper
2016,10.1145/2858036.2858247,Honorable Mention
2016,10.1145/2858036.2858260,Honorable Mention
2016,10.1145/2858036.2858261,Honorable Mention
2016,10.1145/2858036.2858265,Honorable Mention
2016,10.1145/2858036.2858267,Honorable Mention
2016,10.1145/2858036.2858272,Honorable Mention
2016,10.1145/2858036.2858273,Honorable Mention
2016,10.1145/2858036.2858274,Honorable Mention
2016,10.1145/2858036.2858278,Honorable Mention
2016,10.1145/2858036.2858283,Best Paper
2016,10.1145/2858036.2858304,Best Paper
2016,10.1145/2858036.2858306,Honorable Mention
2016,10.1145/2858036.2858314,Best Paper
2016,10.1145/2858036.2858317,Best Paper
2016,10.1145/2858036.2858342,Honorable Mention
2016,10.1145/2858036.2858347,Honorable Mention
2016,10.1145/2858036.2858361,Honorable Mention
2016,10.1145/2858036.2858364,Honorable Mention
2016,10.1145/2858036.2858373,Honorable Mention
2016,10.1145/2858036.2858378,Best Paper
2016,10.1145/2858036.2858381,Honorable Mention
2016,10.1145/2858036.2858382,Best Paper
2016,10.1145/2858036.2858388,Best Paper
2016,10.1145/2858036.2858389,Honorable Mention
2016,10.1145/2858036.2858390,Best Paper
2016,10.1145/2858036.2858391,Honorable Mention
2016,10.1145/2858036.2858393,Honorable Mention
2016,10.1145/2858036.2858395,Honorable Mention
2016,10.1145/2858036.2858396,Honorable Mention
2016,10.1145/2858036.2858400,Honorable Mention
2016,10.1145/2858036.2858401,Honorable Mention
2016,10.1145/2858036.2858404,Best Paper
2016,10.1145/2858036.2858409,Honorable Mention
2016,10.1145/2858036.2858411,Honorable Mention
2016,10.1145/2858036.2858417,Honorable Mention
2016,10.1145/2858036.2858419,Honorable Mention
2016,10.1145/2858036.2858420,Honorable Mention
2016,10.1145/2858036.2858427,Honorable Mention
2016,10.1145/2858036.2858434,Honorable Mention
2016,10.1145/2858036.2858445,Honorable Mention
2016,10.1145/2858036.2858448,Best Paper
2016,10.1145/2858036.2858450,Honorable Mention
2016,10.1145/2858036.2858453,Honorable Mention
2016,10.1145/2858036.2858465,Honorable Mention
2016,10.1145/2858036.2858469,Best Paper
2016,10.1145/2858036.2858473,Best Paper
2016,10.1145/2858036.2858475,Honorable Mention
2016,10.1145/2858036.2858479,Honorable Mention
2016,10.1145/2858036.2858480,Honorable Mention
2016,10.1145/2858036.2858485,Honorable Mention
2016,10.1145/2858036.2858488,Honorable Mention
2016,10.1145/2858036.2858501,Honorable Mention
2016,10.1145/2858036.2858506,Honorable Mention
2016,10.1145/2858036.2858516,Honorable Mention
2016,10.1145/2858036.2858528,Honorable Mention
2016,10.1145/2858036.2858535,Best Paper
2016,10.1145/2858036.2858538,Honorable Mention
2016,10.1145/2858036.2858542,Honorable Mention
2016,10.1145/2858036.2858546,Honorable Mention
2016,10.1145/2858036.2858549,Honorable Mention
2016,10.1145/2858036.2858552,Honorable Mention
2016,10.1145/2858036.2858557,Honorable Mention
2016,10.1145/2858036.2858568,Best Paper
2016,10.1145/2858036.2858575,Honorable Mention
2016,10.1145/2858036.2858580,Honorable Mention
2016,10.1145/2858036.2858583,Honorable Mention
2016,10.1145/2858036.2858589,Honorable Mention
2017,10.1145/3025453.3025454,Best Paper
2017,10.1145/3025453.3025461,Honorable Mention
2017,10.1145/3025453.3025466,Best Paper
2017,10.1145/3025453.3025478,Honorable Mention
2017,10.1145/3025453.3025480,Honorable Mention
2017,10.1145/3025453.3025481,Honorable Mention
2017,10.1145/3025453.3025482,Honorable Mention
2017,10.1145/3025453.3025483,Honorable Mention
2017,10.1145/3025453.3025490,Honorable Mention
2017,10.1145/3025453.3025491,Honorable Mention
2017,10.1145/3025453.3025502,Honorable Mention
2017,10.1145/3025453.3025503,Honorable Mention
2017,10.1145/3025453.3025510,Honorable Mention
2017,10.1145/3025453.3025511,Best Paper
2017,10.1145/3025453.3025512,Honorable Mention
2017,10.1145/3025453.3025514,Honorable Mention
2017,10.1145/3025453.3025516,Best Paper
2017,10.1145/3025453.3025522,Best Paper
2017,10.1145/3025453.3025524,Best Paper
2017,10.1145/3025453.3025537,Honorable Mention
2017,10.1145/3025453.3025542,Honorable Mention
2017,10.1145/3025453.3025546,Honorable Mention
2017,10.1145/3025453.3025548,Honorable Mention
2017,10.1145/3025453.3025550,Honorable Mention
2017,10.1145/3025453.3025554,Honorable Mention
2017,10.1145/3025453.3025573,Honorable Mention
2017,10.1145/3025453.3025579,Honorable Mention
2017,10.1145/3025453.3025580,Best Paper
2017,10.1145/3025453.3025585,Honorable Mention
2017,10.1145/3025453.3025586,Honorable Mention
2017,10.1145/3025453.3025590,Honorable Mention
2017,10.1145/3025453.3025592,Best Paper
2017,10.1145/3025453.3025596,Honorable Mention
2017,10.1145/3025453.3025598,Best Paper
2017,10.1145/3025453.3025599,Honorable Mention
2017,10.1145/3025453.3025602,Honorable Mention
2017,10.1145/3025453.3025609,Honorable Mention
2017,10.1145/3025453.3025610,Honorable Mention
2017,10.1145/3025453.3025611,Honorable Mention
2017,10.1145/3025453.3025616,Honorable Mention
2017,10.1145/3025453.3025626,Honorable Mention
2017,10.1145/3025453.3025633,Honorable Mention
2017,10.1145/3025453.3025635,Best Paper
2017,10.1145/3025453.3025638,Honorable Mention
2017,10.1145/3025453.3025640,Honorable Mention
2017,10.1145/3025453.3025643,Honorable Mention
2017,10.1145/3025453.3025662,Honorable Mention
2017,10.1145/3025453.3025664,Honorable Mention
2017,10.1145/3025453.3025670,Honorable Mention
2017,10.1145/3025453.3025674,Honorable Mention
2017,10.1145/3025453.3025675,Honorable Mention
2017,10.1145/3025453.3025678,Honorable Mention
2017,10.1145/3025453.3025683,Best Paper
2017,10.1145/3025453.3025691,Honorable Mention
2017,10.1145/3025453.3025692,Honorable Mention
2017,10.1145/3025453.3025695,Honorable Mention
2017,10.1145/3025453.3025721,Honorable Mention
2017,10.1145/3025453.3025728,Honorable Mention
2017,10.1145/3025453.3025729,Best Paper
2017,10.1145/3025453.3025732,Honorable Mention
2017,10.1145/3025453.3025738,Honorable Mention
2017,10.1145/3025453.3025743,Honorable Mention
2017,10.1145/3025453.3025744,Best Paper
2017,10.1145/3025453.3025765,Best Paper
2017,10.1145/3025453.3025766,Honorable Mention
2017,10.1145/3025453.3025777,Honorable Mention
2017,10.1145/3025453.3025781,Honorable Mention
2017,10.1145/3025453.3025782,Honorable Mention
2017,10.1145/3025453.3025785,Honorable Mention
2017,10.1145/3025453.3025787,Honorable Mention
2017,10.1145/3025453.3025789,Honorable Mention
2017,10.1145/3025453.3025803,Honorable Mention
2017,10.1145/3025453.3025804,Honorable Mention
2017,10.1145/3025453.3025811,Best Paper
2017,10.1145/3025453.3025812,Honorable Mention
2017,10.1145/3025453.3025847,Honorable Mention
2017,10.1145/3025453.3025851,Honorable Mention
2017,10.1145/3025453.3025853,Honorable Mention
2017,10.1145/3025453.3025866,Honorable Mention
2017,10.1145/3025453.3025872,Honorable Mention
2017,10.1145/3025453.3025875,Best Paper
2017,10.1145/3025453.3025877,Honorable Mention
2017,10.1145/3025453.3025887,Best Paper
2017,10.1145/3025453.3025889,Honorable Mention
2017,10.1145/3025453.3025890,Honorable Mention
2017,10.1145/3025453.3025891,Honorable Mention
2017,10.1145/3025453.3025892,Best Paper
2017,10.1145/3025453.3025897,Honorable Mention
2017,10.1145/3025453.3025899,Honorable Mention
2017,10.1145/3025453.3025912,Honorable Mention
2017,10.1145/3025453.3025917,Honorable Mention
2017,10.1145/3025453.3025918,Best Paper
2017,10.1145/3025453.3025927,Best Paper
2017,10.1145/3025453.3025929,Best Paper
2017,10.1145/3025453.3025931,Honorable Mention
2017,10.1145/3025453.3025945,Honorable Mention
2017,10.1145/3025453.3025952,Best Paper
2017,10.1145/3025453.3025954,Honorable Mention
2017,10.1145/3025453.3025958,Honorable Mention
2017,10.1145/3025453.3025963,Honorable Mention
2017,10.1145/3025453.3025969,Honorable Mention
2017,10.1145/3025453.3025974,Honorable Mention
2017,10.1145/3025453.3025975,Honorable Mention
2017,10.1145/3025453.3025977,Honorable Mention
2017,10.1145/3025453.3025983,Honorable Mention
2017,10.1145/3025453.3025988,Honorable Mention
2017,10.1145/3025453.3025991,Honorable Mention
2017,10.1145/3025453.3025996,Best Paper
2017,10.1145/3025453.3025998,Honorable Mention
2017,10.1145/3025453.3026002,Honorable Mention
2017,10.1145/3025453.3026011,Best Paper
2017,10.1145/3025453.3026014,Honorable Mention
2017,10.1145/3025453.3026020,Honorable Mention
2017,10.1145/3025453.3026026,Honorable Mention
2017,10.1145/3025453.3026033,Honorable Mention
2017,10.1145/3025453.3026046,Honorable Mention
2017,10.1145/3025453.3026047,Honorable Mention
2017,10.1145/3025453.3026048,Honorable Mention
2017,10.1145/3025453.3026050,Best Paper
2017,10.1145/3025453.3026054,Honorable Mention
2017,10.1145/3025453.3026055,Honorable Mention
2018,10.1145/3173574.3173578,Honorable Mention
2018,10.1145/3173574.3173582,Best Paper
2018,10.1145/3173574.3173588,Best Paper
2018,10.1145/3173574.3173589,Honorable Mention
2018,10.1145/3173574.3173593,Honorable Mention
2018,10.1145/3173574.3173606,Honorable Mention
2018,10.1145/3173574.3173611,Honorable Mention
2018,10.1145/3173574.3173613,Honorable Mention
2018,10.1145/3173574.3173614,Best Paper
2018,10.1145/3173574.3173629,Honorable Mention
2018,10.1145/3173574.3173642,Honorable Mention
2018,10.1145/3173574.3173646,Honorable Mention
2018,10.1145/3173574.3173649,Honorable Mention
2018,10.1145/3173574.3173655,Best Paper
2018,10.1145/3173574.3173659,Honorable Mention
2018,10.1145/3173574.3173660,Honorable Mention
2018,10.1145/3173574.3173665,Honorable Mention
2018,10.1145/3173574.3173668,Honorable Mention
2018,10.1145/3173574.3173678,Honorable Mention
2018,10.1145/3173574.3173682,Honorable Mention
2018,10.1145/3173574.3173686,Honorable Mention
2018,10.1145/3173574.3173688,Best Paper
2018,10.1145/3173574.3173689,Honorable Mention
2018,10.1145/3173574.3173696,Honorable Mention
2018,10.1145/3173574.3173697,Best Paper
2018,10.1145/3173574.3173715,Best Paper
2018,10.1145/3173574.3173718,Honorable Mention
2018,10.1145/3173574.3173723,Honorable Mention
2018,10.1145/3173574.3173724,Honorable Mention
2018,10.1145/3173574.3173734,Honorable Mention
2018,10.1145/3173574.3173741,Honorable Mention
2018,10.1145/3173574.3173755,Honorable Mention
2018,10.1145/3173574.3173756,Honorable Mention
2018,10.1145/3173574.3173767,Honorable Mention
2018,10.1145/3173574.3173779,Honorable Mention
2018,10.1145/3173574.3173780,Honorable Mention
2018,10.1145/3173574.3173784,Best Paper
2018,10.1145/3173574.3173797,Honorable Mention
2018,10.1145/3173574.3173801,Honorable Mention
2018,10.1145/3173574.3173812,Best Paper
2018,10.1145/3173574.3173814,Honorable Mention
2018,10.1145/3173574.3173816,Honorable Mention
2018,10.1145/3173574.3173819,Honorable Mention
2018,10.1145/3173574.3173820,Honorable Mention
2018,10.1145/3173574.3173828,Honorable Mention
2018,10.1145/3173574.3173840,Honorable Mention
2018,10.1145/3173574.3173842,Honorable Mention
2018,10.1145/3173574.3173844,Honorable Mention
2018,10.1145/3173574.3173847,Best Paper
2018,10.1145/3173574.3173855,Honorable Mention
2018,10.1145/3173574.3173860,Honorable Mention
2018,10.1145/3173574.3173861,Honorable Mention
2018,10.1145/3173574.3173863,Honorable Mention
2018,10.1145/3173574.3173869,Honorable Mention
2018,10.1145/3173574.3173871,Honorable Mention
2018,10.1145/3173574.3173879,Honorable Mention
2018,10.1145/3173574.3173885,Honorable Mention
2018,10.1145/3173574.3173889,Best Paper
2018,10.1145/3173574.3173899,Honorable Mention
2018,10.1145/3173574.3173900,Honorable Mention
2018,10.1145/3173574.3173901,Best Paper
2018,10.1145/3173574.3173905,Honorable Mention
2018,10.1145/3173574.3173914,Honorable Mention
2018,10.1145/3173574.3173922,Best Paper
2018,10.1145/3173574.3173925,Best Paper
2018,10.1145/3173574.3173931,Best Paper
2018,10.1145/3173574.3173940,Honorable Mention
2018,10.1145/3173574.3173945,Honorable Mention
2018,10.1145/3173574.3173948,Honorable Mention
2018,10.1145/3173574.3173954,Honorable Mention
2018,10.1145/3173574.3173955,Honorable Mention
2018,10.1145/3173574.3173957,Honorable Mention
2018,10.1145/3173574.3173959,Honorable Mention
2018,10.1145/3173574.3173961,Honorable Mention
2018,10.1145/3173574.3173962,Best Paper
2018,10.1145/3173574.3173964,Honorable Mention
2018,10.1145/3173574.3173986,Best Paper
2018,10.1145/3173574.3173996,Honorable Mention
2018,10.1145/3173574.3173997,Honorable Mention
2018,10.1145/3173574.3173998,Honorable Mention
2018,10.1145/3173574.3173999,Honorable Mention
2018,10.1145/3173574.3174001,Honorable Mention
2018,10.1145/3173574.3174019,Honorable Mention
2018,10.1145/3173574.3174023,Honorable Mention
2018,10.1145/3173574.3174032,Honorable Mention
2018,10.1145/3173574.3174035,Honorable Mention
2018,10.1145/3173574.3174043,Honorable Mention
2018,10.1145/3173574.3174056,Honorable Mention
2018,10.1145/3173574.3174057,Honorable Mention
2018,10.1145/3173574.3174061,Honorable Mention
2018,10.1145/3173574.3174066,Honorable Mention
2018,10.1145/3173574.3174075,Honorable Mention
2018,10.1145/3173574.3174082,Honorable Mention
2018,10.1145/3173574.3174084,Honorable Mention
2018,10.1145/3173574.3174085,Honorable Mention
2018,10.1145/3173574.3174087,Honorable Mention
2018,10.1145/3173574.3174088,Honorable Mention
2018,10.1145/3173574.3174089,Best Paper
2018,10.1145/3173574.3174092,Honorable Mention
2018,10.1145/3173574.3174105,Best Paper
2018,10.1145/3173574.3174110,Best Paper
2018,10.1145/3173574.3174128,Honorable Mention
2018,10.1145/3173574.3174140,Best Paper
2018,10.1145/3173574.3174148,Honorable Mention
2018,10.1145/3173574.3174158,Honorable Mention
2018,10.1145/3173574.3174159,Honorable Mention
2018,10.1145/3173574.3174161,Best Paper
2018,10.1145/3173574.3174164,Best Paper
2018,10.1145/3173574.3174165,Honorable Mention
2018,10.1145/3173574.3174192,Honorable Mention
2018,10.1145/3173574.3174193,Honorable Mention
2018,10.1145/3173574.3174196,Honorable Mention
2018,10.1145/3173574.3174197,Honorable Mention
2018,10.1145/3173574.3174199,Honorable Mention
2018,10.1145/3173574.3174208,Honorable Mention
2018,10.1145/3173574.3174210,Honorable Mention
2018,10.1145/3173574.3174214,Best Paper
2018,10.1145/3173574.3174220,Honorable Mention
2018,10.1145/3173574.3174223,Honorable Mention
2018,10.1145/3173574.3174225,Honorable Mention
2018,10.1145/3173574.3174226,Honorable Mention
2018,10.1145/3173574.3174229,Honorable Mention
2018,10.1145/3173574.3174231,Honorable Mention
2018,10.1145/3173574.3174235,Honorable Mention
2018,10.1145/3173574.3174237,Honorable Mention
2018,10.1145/3173574.3174241,Best Paper
2019,10.1145/3290605.3300231,Best Paper
2019,10.1145/3290605.3300232,Best Paper
2019,10.1145/3290605.3300233,Honorable Mention
2019,10.1145/3290605.3300234,Honorable Mention
2019,10.1145/3290605.3300238,Best Paper
2019,10.1145/3290605.3300239,Honorable Mention
2019,10.1145/3290605.3300241,Honorable Mention
2019,10.1145/3290605.3300252,Honorable Mention
2019,10.1145/3290605.3300253,Honorable Mention
2019,10.1145/3290605.3300254,Honorable Mention
2019,10.1145/3290605.3300256,Honorable Mention
2019,10.1145/3290605.3300261,Honorable Mention
2019,10.1145/3290605.3300264,Best Paper
2019,10.1145/3290605.3300271,Honorable Mention
2019,10.1145/3290605.3300272,Honorable Mention
2019,10.1145/3290605.3300274,Honorable Mention
2019,10.1145/3290605.3300285,Honorable Mention
2019,10.1145/3290605.3300291,Honorable Mention
2019,10.1145/3290605.3300292,Best Paper
2019,10.1145/3290605.3300293,Honorable Mention
2019,10.1145/3290605.3300295,Best Paper
2019,10.1145/3290605.3300296,Honorable Mention
2019,10.1145/3290605.3300299,Honorable Mention
2019,10.1145/3290605.3300304,Honorable Mention
2019,10.1145/3290605.3300307,Honorable Mention
2019,10.1145/3290605.3300314,Honorable Mention
2019,10.1145/3290605.3300320,Honorable Mention
2019,10.1145/3290605.3300321,Honorable Mention
2019,10.1145/3290605.3300325,Honorable Mention
2019,10.1145/3290605.3300327,Honorable Mention
2019,10.1145/3290605.3300329,Honorable Mention
2019,10.1145/3290605.3300349,Honorable Mention
2019,10.1145/3290605.3300352,Honorable Mention
2019,10.1145/3290605.3300355,Honorable Mention
2019,10.1145/3290605.3300359,Honorable Mention
2019,10.1145/3290605.3300361,Honorable Mention
2019,10.1145/3290605.3300367,Honorable Mention
2019,10.1145/3290605.3300370,Honorable Mention
2019,10.1145/3290605.3300376,Honorable Mention
2019,10.1145/3290605.3300378,Honorable Mention
2019,10.1145/3290605.3300394,Honorable Mention
2019,10.1145/3290605.3300415,Honorable Mention
2019,10.1145/3290605.3300416,Best Paper
2019,10.1145/3290605.3300418,Honorable Mention
2019,10.1145/3290605.3300420,Honorable Mention
2019,10.1145/3290605.3300426,Honorable Mention
2019,10.1145/3290605.3300431,Honorable Mention
2019,10.1145/3290605.3300433,Best Paper
2019,10.1145/3290605.3300446,Honorable Mention
2019,10.1145/3290605.3300447,Best Paper
2019,10.1145/3290605.3300448,Honorable Mention
2019,10.1145/3290605.3300451,Best Paper
2019,10.1145/3290605.3300455,Best Paper
2019,10.1145/3290605.3300456,Honorable Mention
2019,10.1145/3290605.3300459,Best Paper
2019,10.1145/3290605.3300467,Honorable Mention
2019,10.1145/3290605.3300468,Best Paper
2019,10.1145/3290605.3300474,Best Paper
2019,10.1145/3290605.3300475,Honorable Mention
2019,10.1145/3290605.3300479,Honorable Mention
2019,10.1145/3290605.3300489,Honorable Mention
2019,10.1145/3290605.3300492,Honorable Mention
2019,10.1145/3290605.3300493,Honorable Mention
2019,10.1145/3290605.3300495,Honorable Mention
2019,10.1145/3290605.3300497,Best Paper
2019,10.1145/3290605.3300499,Honorable Mention
2019,10.1145/3290605.3300500,Best Paper
2019,10.1145/3290605.3300506,Honorable Mention
2019,10.1145/3290605.3300508,Honorable Mention
2019,10.1145/3290605.3300509,Honorable Mention
2019,10.1145/3290605.3300515,Honorable Mention
2019,10.1145/3290605.3300517,Honorable Mention
2019,10.1145/3290605.3300518,Honorable Mention
2019,10.1145/3290605.3300519,Best Paper
2019,10.1145/3290605.3300527,Honorable Mention
2019,10.1145/3290605.3300541,Honorable Mention
2019,10.1145/3290605.3300544,Best Paper
2019,10.1145/3290605.3300547,Honorable Mention
2019,10.1145/3290605.3300556,Honorable Mention
2019,10.1145/3290605.3300574,Honorable Mention
2019,10.1145/3290605.3300575,Honorable Mention
2019,10.1145/3290605.3300579,Honorable Mention
2019,10.1145/3290605.3300581,Honorable Mention
2019,10.1145/3290605.3300585,Honorable Mention
2019,10.1145/3290605.3300589,Honorable Mention
2019,10.1145/3290605.3300594,Honorable Mention
2019,10.1145/3290605.3300598,Honorable Mention
2019,10.1145/3290605.3300599,Best Paper
2019,10.1145/3290605.3300608,Best Paper
2019,10.1145/3290605.3300610,Honorable Mention
2019,10.1145/3290605.3300615,Honorable Mention
2019,10.1145/3290605.3300617,Honorable Mention
2019,10.1145/3290605.3300624,Best Paper
2019,10.1145/3290605.3300625,Best Paper
2019,10.1145/3290605.3300627,Honorable Mention
2019,10.1145/3290605.3300628,Best Paper
2019,10.1145/3290605.3300629,Honorable Mention
2019,10.1145/3290605.3300633,Honorable Mention
2019,10.1145/3290605.3300634,Honorable Mention
2019,10.1145/3290605.3300635,Honorable Mention
2019,10.1145/3290605.3300645,Honorable Mention
2019,10.1145/3290605.3300648,Honorable Mention
2019,10.1145/3290605.3300655,Honorable Mention
2019,10.1145/3290605.3300660,Best Paper
2019,10.1145/3290605.3300662,Honorable Mention
2019,10.1145/3290605.3300663,Honorable Mention
2019,10.1145/3290605.3300665,Honorable Mention
2019,10.1145/3290605.3300673,Honorable Mention
2019,10.1145/3290605.3300679,Honorable Mention
2019,10.1145/3290605.3300683,Honorable Mention
2019,10.1145/3290605.3300688,Honorable Mention
2019,10.1145/3290605.3300692,Honorable Mention
2019,10.1145/3290605.3300701,Honorable Mention
2019,10.1145/3290605.3300705,Honorable Mention
2019,10.1145/3290605.3300706,Honorable Mention
2019,10.1145/3290605.3300707,Honorable Mention
2019,10.1145/3290605.3300716,Honorable Mention
2019,10.1145/3290605.3300718,Honorable Mention
2019,10.1145/3290605.3300719,Honorable Mention
2019,10.1145/3290605.3300722,Honorable Mention
2019,10.1145/3290605.3300723,Best Paper
2019,10.1145/3290605.3300728,Honorable Mention
2019,10.1145/3290605.3300736,Honorable Mention
2019,10.1145/3290605.3300739,Honorable Mention
2019,10.1145/3290605.3300747,Honorable Mention
2019,10.1145/3290605.3300748,Honorable Mention
2019,10.1145/3290605.3300750,Honorable Mention
2019,10.1145/3290605.3300758,Honorable Mention
2019,10.1145/3290605.3300760,Best Paper
2019,10.1145/3290605.3300763,Honorable Mention
2019,10.1145/3290605.3300765,Honorable Mention
2019,10.1145/3290605.3300767,Honorable Mention
2019,10.1145/3290605.3300771,Honorable Mention
2019,10.1145/3290605.3300784,Honorable Mention
2019,10.1145/3290605.3300787,Honorable Mention
2019,10.1145/3290605.3300800,Honorable Mention
2019,10.1145/3290605.3300810,Best Paper
2019,10.1145/3290605.3300827,Honorable Mention
2019,10.1145/3290605.3300832,Honorable Mention
2019,10.1145/3290605.3300847,Honorable Mention
2019,10.1145/3290605.3300875,Best Paper
2019,10.1145/3290605.3300879,Best Paper
2019,10.1145/3290605.3300880,Honorable Mention
2019,10.1145/3290605.3300882,Honorable Mention
2019,10.1145/3290605.3300884,Honorable Mention
2019,10.1145/3290605.3300918,Honorable Mention
2019,10.1145/3290605.3300925,Honorable Mention
2019,10.1145/3290605.3300926,Honorable Mention
2020,10.1145/3313831.3376134,Honorable Mention
2020,10.1145/3313831.3376135,Honorable Mention
2020,10.1145/3313831.3376147,Best Paper
2020,10.1145/3313831.3376150,Honorable Mention
2020,10.1145/3313831.3376153,Honorable Mention
2020,10.1145/3313831.3376154,Honorable Mention
2020,10.1145/3313831.3376155,Best Paper
2020,10.1145/3313831.3376159,Best Paper
2020,10.1145/3313831.3376161,Honorable Mention
2020,10.1145/3313831.3376162,Honorable Mention
2020,10.1145/3313831.3376167,Honorable Mention
2020,10.1145/3313831.3376182,Honorable Mention
2020,10.1145/3313831.3376187,Honorable Mention
2020,10.1145/3313831.3376191,Honorable Mention
2020,10.1145/3313831.3376193,Honorable Mention
2020,10.1145/3313831.3376210,Honorable Mention
2020,10.1145/3313831.3376219,Honorable Mention
2020,10.1145/3313831.3376220,Honorable Mention
2020,10.1145/3313831.3376222,Honorable Mention
2020,10.1145/3313831.3376229,Honorable Mention
2020,10.1145/3313831.3376238,Honorable Mention
2020,10.1145/3313831.3376244,Honorable Mention
2020,10.1145/3313831.3376253,Honorable Mention
2020,10.1145/3313831.3376266,Honorable Mention
2020,10.1145/3313831.3376269,Honorable Mention
2020,10.1145/3313831.3376270,Best Paper
2020,10.1145/3313831.3376274,Honorable Mention
2020,10.1145/3313831.3376280,Honorable Mention
2020,10.1145/3313831.3376291,Honorable Mention
2020,10.1145/3313831.3376292,Honorable Mention
2020,10.1145/3313831.3376300,Honorable Mention
2020,10.1145/3313831.3376301,Honorable Mention
2020,10.1145/3313831.3376304,Honorable Mention
2020,10.1145/3313831.3376308,Honorable Mention
2020,10.1145/3313831.3376316,Best Paper
2020,10.1145/3313831.3376318,Honorable Mention
2020,10.1145/3313831.3376322,Honorable Mention
2020,10.1145/3313831.3376325,Best Paper
2020,10.1145/3313831.3376329,Honorable Mention
2020,10.1145/3313831.3376330,Best Paper
2020,10.1145/3313831.3376333,Honorable Mention
2020,10.1145/3313831.3376336,Honorable Mention
2020,10.1145/3313831.3376345,Honorable Mention
2020,10.1145/3313831.3376353,Honorable Mention
2020,10.1145/3313831.3376361,Honorable Mention
2020,10.1145/3313831.3376363,Honorable Mention
2020,10.1145/3313831.3376376,Honorable Mention
2020,10.1145/3313831.3376385,Honorable Mention
2020,10.1145/3313831.3376392,Best Paper
2020,10.1145/3313831.3376401,Honorable Mention
2020,10.1145/3313831.3376409,Honorable Mention
2020,10.1145/3313831.3376415,Honorable Mention
2020,10.1145/3313831.3376420,Honorable Mention
2020,10.1145/3313831.3376424,Honorable Mention
2020,10.1145/3313831.3376442,Best Paper
2020,10.1145/3313831.3376445,Best Paper
2020,10.1145/3313831.3376448,Best Paper
2020,10.1145/3313831.3376454,Honorable Mention
2020,10.1145/3313831.3376458,Honorable Mention
2020,10.1145/3313831.3376466,Honorable Mention
2020,10.1145/3313831.3376470,Best Paper
2020,10.1145/3313831.3376471,Best Paper
2020,10.1145/3313831.3376472,Honorable Mention
2020,10.1145/3313831.3376477,Honorable Mention
2020,10.1145/3313831.3376478,Best Paper
2020,10.1145/3313831.3376482,Honorable Mention
2020,10.1145/3313831.3376486,Honorable Mention
2020,10.1145/3313831.3376488,Honorable Mention
2020,10.1145/3313831.3376490,Honorable Mention
2020,10.1145/3313831.3376505,Honorable Mention
2020,10.1145/3313831.3376510,Honorable Mention
2020,10.1145/3313831.3376512,Honorable Mention
2020,10.1145/3313831.3376513,Honorable Mention
2020,10.1145/3313831.3376518,Honorable Mention
2020,10.1145/3313831.3376525,Best Paper
2020,10.1145/3313831.3376529,Honorable Mention
2020,10.1145/3313831.3376530,Honorable Mention
2020,10.1145/3313831.3376531,Best Paper
2020,10.1145/3313831.3376536,Honorable Mention
2020,10.1145/3313831.3376537,Honorable Mention
2020,10.1145/3313831.3376539,Best Paper
2020,10.1145/3313831.3376541,Honorable Mention
2020,10.1145/3313831.3376542,Honorable Mention
2020,10.1145/3313831.3376543,Honorable Mention
2020,10.1145/3313831.3376545,Best Paper
2020,10.1145/3313831.3376548,Honorable Mention
2020,10.1145/3313831.3376551,Honorable Mention
2020,10.1145/3313831.3376552,Honorable Mention
2020,10.1145/3313831.3376562,Honorable Mention
2020,10.1145/3313831.3376569,Honorable Mention
2020,10.1145/3313831.3376570,Honorable Mention
2020,10.1145/3313831.3376571,Honorable Mention
2020,10.1145/3313831.3376572,Honorable Mention
2020,10.1145/3313831.3376575,Honorable Mention
2020,10.1145/3313831.3376577,Best Paper
2020,10.1145/3313831.3376590,Honorable Mention
2020,10.1145/3313831.3376605,Honorable Mention
2020,10.1145/3313831.3376608,Honorable Mention
2020,10.1145/3313831.3376634,Honorable Mention
2020,10.1145/3313831.3376636,Honorable Mention
2020,10.1145/3313831.3376643,Honorable Mention
2020,10.1145/3313831.3376644,Honorable Mention
2020,10.1145/3313831.3376649,Best Paper
2020,10.1145/3313831.3376654,Honorable Mention
2020,10.1145/3313831.3376661,Best Paper
2020,10.1145/3313831.3376664,Best Paper
2020,10.1145/3313831.3376666,Honorable Mention
2020,10.1145/3313831.3376669,Best Paper
2020,10.1145/3313831.3376676,Honorable Mention
2020,10.1145/3313831.3376678,Honorable Mention
2020,10.1145/3313831.3376683,Honorable Mention
2020,10.1145/3313831.3376687,Honorable Mention
2020,10.1145/3313831.3376698,Honorable Mention
2020,10.1145/3313831.3376699,Honorable Mention
2020,10.1145/3313831.3376700,Honorable Mention
2020,10.1145/3313831.3376704,Best Paper
2020,10.1145/3313831.3376705,Honorable Mention
2020,10.1145/3313831.3376718,Honorable Mention
2020,10.1145/3313831.3376720,Honorable Mention
2020,10.1145/3313831.3376722,Best Paper
2020,10.1145/3313831.3376723,Honorable Mention
2020,10.1145/3313831.3376725,Honorable Mention
2020,10.1145/3313831.3376727,Honorable Mention
2020,10.1145/3313831.3376728,Honorable Mention
2020,10.1145/3313831.3376729,Honorable Mention
2020,10.1145/3313831.3376731,Honorable Mention
2020,10.1145/3313831.3376732,Honorable Mention
2020,10.1145/3313831.3376740,Honorable Mention
2020,10.1145/3313831.3376749,Honorable Mention
2020,10.1145/3313831.3376755,Best Paper
2020,10.1145/3313831.3376757,Honorable Mention
2020,10.1145/3313831.3376761,Best Paper
2020,10.1145/3313831.3376763,Honorable Mention
2020,10.1145/3313831.3376770,Honorable Mention
2020,10.1145/3313831.3376777,Best Paper
2020,10.1145/3313831.3376782,Honorable Mention
2020,10.1145/3313831.3376783,Honorable Mention
2020,10.1145/3313831.3376786,Honorable Mention
2020,10.1145/3313831.3376798,Honorable Mention
2020,10.1145/3313831.3376801,Honorable Mention
2020,10.1145/3313831.3376804,Honorable Mention
2020,10.1145/3313831.3376806,Best Paper
2020,10.1145/3313831.3376810,Honorable Mention
2020,10.1145/3313831.3376812,Honorable Mention
2020,10.1145/3313831.3376814,Honorable Mention
2020,10.1145/3313831.3376820,Honorable Mention
2020,10.1145/3313831.3376825,Honorable Mention
2020,10.1145/3313831.3376827,Honorable Mention
2020,10.1145/3313831.3376829,Best Paper
2020,10.1145/3313831.3376832,Best Paper
2020,10.1145/3313831.3376833,Honorable Mention
2020,10.1145/3313831.3376838,Honorable Mention
2020,10.1145/3313831.3376840,Honorable Mention
2020,10.1145/3313831.3376850,Honorable Mention
2020,10.1145/3313831.3376851,Honorable Mention
2020,10.1145/3313831.3376875,Honorable Mention
2021,10.1145/3411764.3445039,Honorable Mention
2021,10.1145/3411764.3445044,Honorable Mention
2021,10.1145/3411764.3445049,Honorable Mention
2021,10.1145/3411764.3445050,Honorable Mention
2021,10.1145/3411764.3445051,Honorable Mention
2021,10.1145/3411764.3445055,Honorable Mention
2021,10.1145/3411764.3445061,Honorable Mention
2021,10.1145/3411764.3445068,Honorable Mention
2021,10.1145/3411764.3445071,Best Paper
2021,10.1145/3411764.3445082,Best Paper
2021,10.1145/3411764.3445087,Honorable Mention
2021,10.1145/3411764.3445096,Best Paper
2021,10.1145/3411764.3445099,Honorable Mention
2021,10.1145/3411764.3445103,Best Paper
2021,10.1145/3411764.3445104,Honorable Mention
2021,10.1145/3411764.3445105,Honorable Mention
2021,10.1145/3411764.3445121,Honorable Mention
2021,10.1145/3411764.3445125,Honorable Mention
2021,10.1145/3411764.3445126,Honorable Mention
2021,10.1145/3411764.3445136,Honorable Mention
2021,10.1145/3411764.3445139,Honorable Mention
2021,10.1145/3411764.3445141,Honorable Mention
2021,10.1145/3411764.3445149,Honorable Mention
2021,10.1145/3411764.3445150,Honorable Mention
2021,10.1145/3411764.3445153,Best Paper
2021,10.1145/3411764.3445154,Honorable Mention
2021,10.1145/3411764.3445158,Honorable Mention
2021,10.1145/3411764.3445159,Honorable Mention
2021,10.1145/3411764.3445163,Honorable Mention
2021,10.1145/3411764.3445169,Honorable Mention
2021,10.1145/3411764.3445170,Honorable Mention
2021,10.1145/3411764.3445172,Honorable Mention
2021,10.1145/3411764.3445174,Honorable Mention
2021,10.1145/3411764.3445185,Honorable Mention
2021,10.1145/3411764.3445186,Best Paper
2021,10.1145/3411764.3445188,Honorable Mention
2021,10.1145/3411764.3445189,Honorable Mention
2021,10.1145/3411764.3445193,Best Paper
2021,10.1145/3411764.3445198,Best Paper
2021,10.1145/3411764.3445200,Honorable Mention
2021,10.1145/3411764.3445203,Honorable Mention
2021,10.1145/3411764.3445206,Honorable Mention
2021,10.1145/3411764.3445211,Honorable Mention
2021,10.1145/3411764.3445217,Honorable Mention
2021,10.1145/3411764.3445219,Honorable Mention
2021,10.1145/3411764.3445229,Honorable Mention
2021,10.1145/3411764.3445230,Honorable Mention
2021,10.1145/3411764.3445243,Honorable Mention
2021,10.1145/3411764.3445249,Best Paper
2021,10.1145/3411764.3445250,Honorable Mention
2021,10.1145/3411764.3445254,Honorable Mention
2021,10.1145/3411764.3445259,Honorable Mention
2021,10.1145/3411764.3445261,Best Paper
2021,10.1145/3411764.3445270,Honorable Mention
2021,10.1145/3411764.3445277,Honorable Mention
2021,10.1145/3411764.3445293,Honorable Mention
2021,10.1145/3411764.3445296,Honorable Mention
2021,10.1145/3411764.3445305,Best Paper
2021,10.1145/3411764.3445312,Best Paper
2021,10.1145/3411764.3445313,Best Paper
2021,10.1145/3411764.3445318,Honorable Mention
2021,10.1145/3411764.3445331,Best Paper
2021,10.1145/3411764.3445334,Best Paper
2021,10.1145/3411764.3445339,Honorable Mention
2021,10.1145/3411764.3445349,Best Paper
2021,10.1145/3411764.3445355,Honorable Mention
2021,10.1145/3411764.3445359,Honorable Mention
2021,10.1145/3411764.3445362,Honorable Mention
2021,10.1145/3411764.3445363,Best Paper
2021,10.1145/3411764.3445366,Honorable Mention
2021,10.1145/3411764.3445367,Best Paper
2021,10.1145/3411764.3445370,Honorable Mention
2021,10.1145/3411764.3445372,Honorable Mention
2021,10.1145/3411764.3445389,Honorable Mention
2021,10.1145/3411764.3445395,Honorable Mention
2021,10.1145/3411764.3445403,Honorable Mention
2021,10.1145/3411764.3445406,Honorable Mention
2021,10.1145/3411764.3445407,Honorable Mention
2021,10.1145/3411764.3445410,Best Paper
2021,10.1145/3411764.3445412,Honorable Mention
2021,10.1145/3411764.3445414,Honorable Mention
2021,10.1145/3411764.3445416,Honorable Mention
2021,10.1145/3411764.3445421,Honorable Mention
2021,10.1145/3411764.3445422,Best Paper
2021,10.1145/3411764.3445435,Honorable Mention
2021,10.1145/3411764.3445442,Honorable Mention
2021,10.1145/3411764.3445450,Honorable Mention
2021,10.1145/3411764.3445452,Honorable Mention
2021,10.1145/3411764.3445458,Honorable Mention
2021,10.1145/3411764.3445464,Honorable Mention
2021,10.1145/3411764.3445470,Honorable Mention
2021,10.1145/3411764.3445471,Best Paper
2021,10.1145/3411764.3445476,Honorable Mention
2021,10.1145/3411764.3445479,Honorable Mention
2021,10.1145/3411764.3445482,Honorable Mention
2021,10.1145/3411764.3445498,Honorable Mention
2021,10.1145/3411764.3445502,Honorable Mention
2021,10.1145/3411764.3445508,Honorable Mention
2021,10.1145/3411764.3445510,Honorable Mention
2021,10.1145/3411764.3445512,Honorable Mention
2021,10.1145/3411764.3445514,Honorable Mention
2021,10.1145/3411764.3445518,Best Paper
2021,10.1145/3411764.3445519,Honorable Mention
2021,10.1145/3411764.3445530,Honorable Mention
2021,10.1145/3411764.3445539,Honorable Mention
2021,10.1145/3411764.3445550,Honorable Mention
2021,10.1145/3411764.3445564,Honorable Mention
2021,10.1145/3411764.3445567,Honorable Mention
2021,10.1145/3411764.3445580,Best Paper
2021,10.1145/3411764.3445585,Honorable Mention
2021,10.1145/3411764.3445586,Honorable Mention
2021,10.1145/3411764.3445598,Honorable Mention
2021,10.1145/3411764.3445602,Honorable Mention
2021,10.1145/3411764.3445617,Honorable Mention
2021,10.1145/3411764.3445621,Best Paper
2021,10.1145/3411764.3445636,Honorable Mention
2021,10.1145/3411764.3445641,Best Paper
2021,10.1145/3411764.3445643,Honorable Mention
2021,10.1145/3411764.3445649,Honorable Mention
2021,10.1145/3411764.3445654,Honorable Mention
2021,10.1145/3411764.3445656,Honorable Mention
2021,10.1145/3411764.3445659,Honorable Mention
2021,10.1145/3411764.3445671,Honorable Mention
2021,10.1145/3411764.3445673,Honorable Mention
2021,10.1145/3411764.3445675,Honorable Mention
2021,10.1145/3411764.3445677,Honorable Mention
2021,10.1145/3411764.3445707,Honorable Mention
2021,10.1145/3411764.3445715,Best Paper
2021,10.1145/3411764.3445725,Honorable Mention
2021,10.1145/3411764.3445727,Honorable Mention
2021,10.1145/3411764.3445733,Honorable Mention
2021,10.1145/3411764.3445738,Honorable Mention
2021,10.1145/3411764.3445743,Best Paper
2021,10.1145/3411764.3445760,Honorable Mention
2021,10.1145/3411764.3445761,Best Paper
2021,10.1145/3411764.3445772,Honorable Mention
2021,10.1145/3411764.3445775,Honorable Mention
2021,10.1145/3411764.3445778,Honorable Mention
2021,10.1145/3411764.3445779,Honorable Mention
2021,10.1145/3411764.3445780,Honorable Mention
2021,10.1145/3411764.3445781,Honorable Mention
2021,10.1145/3411764.3445804,Honorable Mention
2022,10.1145/3491102.3501821,Honorable Mention
2022,10.1145/3491102.3501823,Best Paper
2022,10.1145/3491102.3501826,Best Paper
2022,10.1145/3491102.3501832,Honorable Mention
2022,10.1145/3491102.3501834,Honorable Mention
2022,10.1145/3491102.3501836,Best Paper
2022,10.1145/3491102.3501842,Honorable Mention
2022,10.1145/3491102.3501843,Honorable Mention
2022,10.1145/3491102.3501848,Honorable Mention
2022,10.1145/3491102.3501850,Honorable Mention
2022,10.1145/3491102.3501859,Honorable Mention
2022,10.1145/3491102.3501864,Honorable Mention
2022,10.1145/3491102.3501865,Honorable Mention
2022,10.1145/3491102.3501866,Honorable Mention
2022,10.1145/3491102.3501867,Best Paper
2022,10.1145/3491102.3501869,Honorable Mention
2022,10.1145/3491102.3501871,Honorable Mention
2022,10.1145/3491102.3501872,Honorable Mention
2022,10.1145/3491102.3501873,Honorable Mention
2022,10.1145/3491102.3501874,Honorable Mention
2022,10.1145/3491102.3501875,Honorable Mention
2022,10.1145/3491102.3501877,Honorable Mention
2022,10.1145/3491102.3501881,Honorable Mention
2022,10.1145/3491102.3501882,Honorable Mention
2022,10.1145/3491102.3501884,Honorable Mention
2022,10.1145/3491102.3501885,Honorable Mention
2022,10.1145/3491102.3501887,Honorable Mention
2022,10.1145/3491102.3501888,Honorable Mention
2022,10.1145/3491102.3501892,Honorable Mention
2022,10.1145/3491102.3501894,Honorable Mention
2022,10.1145/3491102.3501897,Honorable Mention
2022,10.1145/3491102.3501898,Honorable Mention
2022,10.1145/3491102.3501901,Best Paper
2022,10.1145/3491102.3501904,Honorable Mention
2022,10.1145/3491102.3501908,Best Paper
2022,10.1145/3491102.3501916,Honorable Mention
2022,10.1145/3491102.3501920,Best Paper
2022,10.1145/3491102.3501931,Honorable Mention
2022,10.1145/3491102.3501932,Best Paper
2022,10.1145/3491102.3501933,Honorable Mention
2022,10.1145/3491102.3501934,Honorable Mention
2022,10.1145/3491102.3501941,Honorable Mention
2022,10.1145/3491102.3501942,Honorable Mention
2022,10.1145/3491102.3501947,Honorable Mention
2022,10.1145/3491102.3501949,Honorable Mention
2022,10.1145/3491102.3501950,Honorable Mention
2022,10.1145/3491102.3501955,Honorable Mention
2022,10.1145/3491102.3501956,Honorable Mention
2022,10.1145/3491102.3501957,Honorable Mention
2022,10.1145/3491102.3501960,Best Paper
2022,10.1145/3491102.3501962,Honorable Mention
2022,10.1145/3491102.3501963,Honorable Mention
2022,10.1145/3491102.3501965,Honorable Mention
2022,10.1145/3491102.3501967,Best Paper
2022,10.1145/3491102.3501969,Honorable Mention
2022,10.1145/3491102.3501970,Best Paper
2022,10.1145/3491102.3501973,Best Paper
2022,10.1145/3491102.3501976,Best Paper
2022,10.1145/3491102.3501980,Honorable Mention
2022,10.1145/3491102.3501981,Best Paper
2022,10.1145/3491102.3501982,Honorable Mention
2022,10.1145/3491102.3501983,Honorable Mention
2022,10.1145/3491102.3501984,Honorable Mention
2022,10.1145/3491102.3501991,Honorable Mention
2022,10.1145/3491102.3501995,Best Paper
2022,10.1145/3491102.3501998,Honorable Mention
2022,10.1145/3491102.3502001,Honorable Mention
2022,10.1145/3491102.3502004,Best Paper
2022,10.1145/3491102.3502007,Honorable Mention
2022,10.1145/3491102.3502010,Honorable Mention
2022,10.1145/3491102.3502012,Honorable Mention
2022,10.1145/3491102.3502013,Honorable Mention
2022,10.1145/3491102.3502017,Honorable Mention
2022,10.1145/3491102.3502018,Honorable Mention
2022,10.1145/3491102.3502028,Honorable Mention
2022,10.1145/3491102.3502029,Honorable Mention
2022,10.1145/3491102.3502030,Honorable Mention
2022,10.1145/3491102.3502032,Honorable Mention
2022,10.1145/3491102.3502034,Best Paper
2022,10.1145/3491102.3502037,Honorable Mention
2022,10.1145/3491102.3502038,Best Paper
2022,10.1145/3491102.3502039,Best Paper
2022,10.1145/3491102.3502040,Honorable Mention
2022,10.1145/3491102.3502041,Honorable Mention
2022,10.1145/3491102.3502047,Honorable Mention
2022,10.1145/3491102.3502048,Honorable Mention
2022,10.1145/3491102.3502049,Best Paper
2022,10.1145/3491102.3502052,Honorable Mention
2022,10.1145/3491102.3502054,Best Paper
2022,10.1145/3491102.3502056,Honorable Mention
2022,10.1145/3491102.3502057,Honorable Mention
2022,10.1145/3491102.3502059,Best Paper
2022,10.1145/3491102.3502065,Honorable Mention
2022,10.1145/3491102.3502069,Honorable Mention
2022,10.1145/3491102.3502072,Best Paper
2022,10.1145/3491102.3502082,Honorable Mention
2022,10.1145/3491102.3502085,Honorable Mention
2022,10.1145/3491102.3502086,Honorable Mention
2022,10.1145/3491102.3502089,Honorable Mention
2022,10.1145/3491102.3502090,Honorable Mention
2022,10.1145/3491102.3502094,Honorable Mention
2022,10.1145/3491102.3502096,Honorable Mention
2022,10.1145/3491102.3502103,Honorable Mention
2022,10.1145/3491102.3502104,Honorable Mention
2022,10.1145/3491102.3502112,Best Paper
2022,10.1145/3491102.3502114,Honorable Mention
2022,10.1145/3491102.3502118,Honorable Mention
2022,10.1145/3491102.3502119,Best Paper
2022,10.1145/3491102.3502124,Honorable Mention
2022,10.1145/3491102.3502127,Honorable Mention
2022,10.1145/3491102.3502130,Honorable Mention
2022,10.1145/3491102.3502135,Honorable Mention
2022,10.1145/3491102.3502138,Honorable Mention
2022,10.1145/3491102.3502207,Honorable Mention
2022,10.1145/3491102.3502493,Honorable Mention
2022,10.1145/3491102.3517439,Honorable Mention
2022,10.1145/3491102.3517468,Honorable Mention
2022,10.1145/3491102.3517471,Honorable Mention
2022,10.1145/3491102.3517500,Honorable Mention
2022,10.1145/3491102.3517517,Honorable Mention
2022,10.1145/3491102.3517559,Honorable Mention
2022,10.1145/3491102.3517635,Honorable Mention
2022,10.1145/3491102.3517644,Honorable Mention
2022,10.1145/3491102.3517688,Honorable Mention
2022,10.1145/3491102.3517697,Honorable Mention
2022,10.1145/3491102.3517711,Honorable Mention
2022,10.1145/3491102.3517732,Honorable Mention
2022,10.1145/3491102.3517739,Honorable Mention
2023,10.1145/3544548.3580641,Honorable Mention
2023,10.1145/3544548.3580645,Honorable Mention
2023,10.1145/3544548.3580662,Best Paper
2023,10.1145/3544548.3580675,Honorable Mention
2023,10.1145/3544548.3580688,Best Paper
2023,10.1145/3544548.3580694,Honorable Mention
2023,10.1145/3544548.3580695,Honorable Mention
2023,10.1145/3544548.3580702,Best Paper
2023,10.1145/3544548.3580703,Honorable Mention
2023,10.1145/3544548.3580714,Honorable Mention
2023,10.1145/3544548.3580716,Honorable Mention
2023,10.1145/3544548.3580720,Honorable Mention
2023,10.1145/3544548.3580724,Honorable Mention
2023,10.1145/3544548.3580726,Honorable Mention
2023,10.1145/3544548.3580730,Honorable Mention
2023,10.1145/3544548.3580745,Honorable Mention
2023,10.1145/3544548.3580749,Honorable Mention
2023,10.1145/3544548.3580767,Best Paper
2023,10.1145/3544548.3580769,Honorable Mention
2023,10.1145/3544548.3580774,Best Paper
2023,10.1145/3544548.3580777,Honorable Mention
2023,10.1145/3544548.3580796,Honorable Mention
2023,10.1145/3544548.3580808,Honorable Mention
2023,10.1145/3544548.3580811,Honorable Mention
2023,10.1145/3544548.3580817,Honorable Mention
2023,10.1145/3544548.3580819,Honorable Mention
2023,10.1145/3544548.3580840,Honorable Mention
2023,10.1145/3544548.3580847,Best Paper
2023,10.1145/3544548.3580848,Best Paper
2023,10.1145/3544548.3580849,Honorable Mention
2023,10.1145/3544548.3580875,Honorable Mention
2023,10.1145/3544548.3580879,Best Paper
2023,10.1145/3544548.3580882,Best Paper
2023,10.1145/3544548.3580900,Honorable Mention
2023,10.1145/3544548.3580908,Honorable Mention
2023,10.1145/3544548.3580917,Honorable Mention
2023,10.1145/3544548.3580918,Honorable Mention
2023,10.1145/3544548.3580923,Honorable Mention
2023,10.1145/3544548.3580928,Honorable Mention
2023,10.1145/3544548.3580929,Honorable Mention
2023,10.1145/3544548.3580931,Honorable Mention
2023,10.1145/3544548.3580933,Best Paper
2023,10.1145/3544548.3580935,Honorable Mention
2023,10.1145/3544548.3580936,Best Paper
2023,10.1145/3544548.3580957,Honorable Mention
2023,10.1145/3544548.3580973,Honorable Mention
2023,10.1145/3544548.3580975,Honorable Mention
2023,10.1145/3544548.3580979,Honorable Mention
2023,10.1145/3544548.3580982,Honorable Mention
2023,10.1145/3544548.3580984,Best Paper
2023,10.1145/3544548.3580986,Best Paper
2023,10.1145/3544548.3580988,Honorable Mention
2023,10.1145/3544548.3580991,Best Paper
2023,10.1145/3544548.3580993,Best Paper
2023,10.1145/3544548.3580997,Honorable Mention
2023,10.1145/3544548.3580998,Honorable Mention
2023,10.1145/3544548.3580999,Honorable Mention
2023,10.1145/3544548.3581001,Honorable Mention
2023,10.1145/3544548.3581007,Honorable Mention
2023,10.1145/3544548.3581008,Honorable Mention
2023,10.1145/3544548.3581019,Best Paper
2023,10.1145/3544548.3581038,Honorable Mention
2023,10.1145/3544548.3581040,Best Paper
2023,10.1145/3544548.3581045,Best Paper
2023,10.1145/3544548.3581046,Honorable Mention
2023,10.1145/3544548.3581049,Honorable Mention
2023,10.1145/3544548.3581082,Honorable Mention
2023,10.1145/3544548.3581101,Best Paper
2023,10.1145/3544548.3581108,Best Paper
2023,10.1145/3544548.3581109,Best Paper
2023,10.1145/3544548.3581113,Best Paper
2023,10.1145/3544548.3581122,Honorable Mention
2023,10.1145/3544548.3581137,Honorable Mention
2023,10.1145/3544548.3581152,Honorable Mention
2023,10.1145/3544548.3581158,Honorable Mention
2023,10.1145/3544548.3581161,Best Paper
2023,10.1145/3544548.3581166,Honorable Mention
2023,10.1145/3544548.3581171,Honorable Mention
2023,10.1145/3544548.3581172,Honorable Mention
2023,10.1145/3544548.3581177,Honorable Mention
2023,10.1145/3544548.3581181,Honorable Mention
2023,10.1145/3544548.3581196,Honorable Mention
2023,10.1145/3544548.3581243,Best Paper
2023,10.1145/3544548.3581254,Honorable Mention
2023,10.1145/3544548.3581255,Best Paper
2023,10.1145/3544548.3581258,Best Paper
2023,10.1145/3544548.3581259,Best Paper
2023,10.1145/3544548.3581271,Honorable Mention
2023,10.1145/3544548.3581279,Honorable Mention
2023,10.1145/3544548.3581308,Best Paper
2023,10.1145/3544548.3581314,Honorable Mention
2023,10.1145/3544548.3581315,Honorable Mention
2023,10.1145/3544548.3581318,Honorable Mention
2023,10.1145/3544548.3581323,Honorable Mention
2023,10.1145/3544548.3581325,Honorable Mention
2023,10.1145/3544548.3581328,Honorable Mention
2023,10.1145/3544548.3581338,Honorable Mention
2023,10.1145/3544548.3581359,Honorable Mention
2023,10.1145/3544548.3581364,Honorable Mention
2023,10.1145/3544548.3581378,Honorable Mention
2023,10.1145/3544548.3581382,Best Paper
2023,10.1145/3544548.3581387,Best Paper
2023,10.1145/3544548.3581392,Honorable Mention
2023,10.1145/3544548.3581396,Honorable Mention
2023,10.1145/3544548.3581403,Honorable Mention
2023,10.1145/3544548.3581404,Honorable Mention
2023,10.1145/3544548.3581406,Honorable Mention
2023,10.1145/3544548.3581411,Honorable Mention
2023,10.1145/3544548.3581415,Best Paper
2023,10.1145/3544548.3581433,Honorable Mention
2023,10.1145/3544548.3581443,Honorable Mention
2023,10.1145/3544548.3581465,Best Paper
2023,10.1145/3544548.3581472,Best Paper
2023,10.1145/3544548.3581493,Honorable Mention
2023,10.1145/3544548.3581500,Honorable Mention
2023,10.1145/3544548.3581503,Best Paper
2023,10.1145/3544548.3581505,Honorable Mention
2023,10.1145/3544548.3581512,Honorable Mention
2023,10.1145/3544548.3581516,Honorable Mention
2023,10.1145/3544548.3581524,Best Paper
2023,10.1145/3544548.3581525,Honorable Mention
2023,10.1145/3544548.3581530,Honorable Mention
2023,10.1145/3544548.3581533,Honorable Mention
2023,10.1145/3544548.3581535,Honorable Mention
2023,10.1145/3544548.3581537,Honorable Mention
2023,10.1145/3544548.3581540,Honorable Mention
2023,10.1145/3544548.3581559,Honorable Mention
2023,10.1145/3544548.3581571,Honorable Mention
